{"cameraMode":{"drawMode":0,"name":"Shaded","section":"Shading Mode"},"sceneLighting":true,"audioPlay":false,"sceneViewState":{"showFog":false,"showMaterialUpdate":false,"showSkybox":false,"showFlares":false,"showImageEffects":false,"showParticleSystems":false},"in2DMode":false,"pivot":{"x":0.20583853125572205,"y":0.669548749923706,"z":-1.494825839996338},"rotation":{"x":0.0001982145622605458,"y":0.9997298121452332,"z":-0.02130725421011448,"w":0.009296148084104061},"size":2.85081148147583,"orthographic":false}